painting_id,artist,artist_code,birth_year,dimensions,mean_R,mean_G,mean_B,std_R,std_G,std_B,dominant_color_0_R,dominant_color_1_R,dominant_color_2_R,dominant_color_0_G,dominant_color_1_G,dominant_color_2_G,dominant_color_0_B,dominant_color_1_B,dominant_color_2_B,color_percentage_0,color_percentage_1,color_percentage_2,texture_contrast,texture_dissimilarity,texture_homogeneity,texture_energy,texture_correlation,texture_ASM,Portrait,Landscape,Still life,Nude,Religious scene,Battle scene,Mythological figure,Cityscape,Interior,Night scene,people,figure,Animal,Plant,Building,Mountain,Abstract shape,Geometric pattern
afro_1,afro-basaldella,afro,1912,1800x1441,138.72775772997147,129.2644039632971,113.61209615236332,62.26191966653448,59.450075652167605,60.91159412728467,131.14653316275812,36.62868826051833,181.0313893210984,108.1141648921934,34.86030306551636,173.1118820373162,71.80247131793257,31.57695149852009,159.55578879713897,0.19391202097308968,0.22559603670290693,0.5804919423240034,1.9411859410907546,0.6056513062485042,0.7870533322973724,0.24262310631748985,0.9297739979179032,0.058898349653387326,0.0032191267237067223,0.18714021146297455,0.16948100924491882,0.002564779482781887,0.0180217195302248,0.09397391974925995,0.01995503529906273,0.00824501272290945,0.000186208140803501,0.0549384243786335,0.004604032728821039,0.04036813601851463,0.0009645185200497508,0.0007761233719065785,0.0006251331651583314,0.005561695899814367,0.3878881633281708,0.001486851368099451
afro_2,afro-basaldella,afro,1912,1800x1365,75.17477004477004,110.79092836792837,128.9615816035816,69.58641459698606,60.21756993975135,61.83728773539158,28.09485449287599,58.11368849073109,199.48578056615088,53.66706003620532,121.64706736184215,203.73927155656952,66.5727039432436,163.2476917251481,189.33605121282704,0.41125763125763126,0.3805828245828246,0.20815954415954416,0.4318838791536492,0.3245728931578987,0.8475649882533414,0.23313201421356328,0.9849041457000407,0.05445377528891664,0.0011568106710910797,0.5067136287689209,0.09202121198177338,0.0001845744700403884,0.0015246066031977534,0.024130767211318016,0.0037690498866140842,0.017254825681447983,0.00013278865662869066,0.07911282777786255,0.0012132686097174883,0.018321339040994644,0.0002418349904473871,0.0016317161498591304,0.0048743044026196,0.007154678460210562,0.2384796291589737,0.002082241466268897
